{
  "records": [
    {
      "question": "5 + 8 = ?",
      "correct_answer": 13,
      "user_answer": 13,
      "is_correct": true,
      "time_taken": 3.3524529933929443,
      "timestamp": 1749038606.1292849
    }
  ]
}