{
  "records": [
    {
      "question": "5 - 3 = ?",
      "correct_answer": 2,
      "user_answer": 2,
      "is_correct": true,
      "time_taken": 2.2321388721466064,
      "timestamp": 1748772524.0412502
    }
  ]
}